commit,date,previous_commit,citation_count,added_keys,removed_keys
47defe2764773f2e22e9bc96cbe4c5c9b9486d3e,2026-04-02,8076b4e1a776b696130a380a8e9b3c7bf1a04530,297,,
6c6497250e66a04f7f9f53dff5e1f922499e451e,2026-04-12,47defe2764773f2e22e9bc96cbe4c5c9b9486d3e,278,2023gemini; asokan2025finelip; bachmann24064m; bai2023qwenvl; chen2020mmea; chen2020uniter; chen2022meaformer; chen2022pali; chen2023vtqa; chen2024internvl; chen2024llaga; cherian2022stsg; choi2025goal; dai2023instructblip; ding2024learnable; dong2024modality; fang2023dfn; fang2025puma; fu2023mme; g_retriever_2024; gadre2023datacomp; graph_mllm_2025; han2021sggbenchmark; he2024gretriever; heo2022hypergraph; hu2024miggt; ji2020actiongenome; kim2024biomedgraphfm; krishna2017visualgenome; lee2023formnetv2; lee2024multimodal; li2020oscar; li2021adaptive; li2021albef; li2022blip; li2023moalign; li2023pope; li2024finemoltex; li2024pixelsgraphs; liang2023drugchat; liu2019mmkg; liu2021graphmvp; liu2022moleculestm; liu2023gitmol; liu2023visualjailbreak; liu2024cambrian; liu2024llava15; liu2024mmbench; liu2025aligning; liu2025graphmllm; lu2019vilbert; lu2025hyperfm; luo2023molfm; ma2024event; ma2025latte; mao2023cocoo; mizrahi20234m; ouyang2022instructgpt; peng2023kosmos2; peng2024learning; perez2022redteaming; pezeshkpour2018mkbe; rafailov2024dpo; song2023graphalign; su2022momu; sun2024mmhalbench; survey_multimodal_graphs_2024; tan2019lxmert; tang2019vctree; tang2023graphgpt; tang2024higpt; tao2020mgat; teng2021trace; towards_mg_llm_2025; van2020scan; wang1793wasserstein; wang2023dualgnn; wang2024llavasg; wang2025mgllm; wei2019mmgcn; wei2021grcn; wei2023jailbroken; xie2016ikrl; xu2017sggimp; xu2023metaclip; yang2018graphrcnn; yang2022mmga; yao2021filip; yin2024woodpecker; yu2023mgcn; yu2024rlhf; zhang2021lattice; zhang2021vinvl; zhang2024native; zhang2025scaling; zhao2022mose; zhou2022freedom; zhu20233d; zhu2023minigpt; zhu2024mmgraph,agarwal2024prompt; amayuelas2024multiagent; anderson2024my; andriushchenko2024agentharm; ayub2024embedding; bagdasaryan2023abusing; benchmarkjailjudge; chen2023understanding; chen2024blockagents; chen2024pandora; chen2024struq; chen2025agentguard; chen2025agentpoison; chen2025position; cheng2024leveraging; cheng2024security; chern2024combating; cho2024typos; debenedetti2024agentdojo; debenedetti2025agentdojo; dorn2024bells; dpo_mm_hallucination; du2023improving; fang2024llm; finelip; frisch2024llm; fu2023misusing; fu2024imprompter; gao2024aligning; goal; gu2024agent; guo2025redcode; he2024emerged; he2025red; internvl; ipa; jeptoo2024enhancing; jia2024improved; jiang2024rag; jiang2025mimicking; ju2024flooding; kumar2023certifying; kumar2024refusal; kwartler2024good; kwon2024slm; la2024safeguarding; lee2024prompt; li2023blip; li2023sentence; li2024llm; li2025commercial; lin2024large; liu2023prompt; liu2023visual; liu2024agents4plc; liu2024automatic; morris2023text; mukherjee2024polaris; nie2024privagent; pang2024self; park2024enhancing; perez2022ignore; priyanshu2024fractured; qwenvl; rethinking_mre; ruan2023identifying; russinovich2024great; shao2025privacylens; shi2024optimization; song2024audit; song2024enhancing; sun2024empowering; tan2024wolf; tennant2024moral; tian2023evil; tong2024securing; vyas2024autonomous; wang2024allies; wang2024attngcg; wang2024badagent; wang2024mrj; wang2025g; wu2024selp; xian2024vulnerability; xiang2024certifiably; xiang2024guardagent; xu2024redagent; yang2024plug; yang2024watch; ye2024toolsword; yin2024safeagentbench; yu2024netsafe; yu2025blast; yuan2024r; yuan2024s; zeng2024autodefense; zeng2024good; zhan2024injecagent; zhang2024agent; zhang2024asb; zhang2024breaking; zhang2024chatscene; zhang2024ghost; zhang2024large; zhang2024privacy; zhang2024psysafe; zhang2024shieldlm; zhao2024attacks; zhong2023poisoning; zhou2024haicosystem; zhou2025causalmm; zhou2025corba; zhou2025survey; zhou2025trustrag; zhu2024riskawarebench; zhu2025demonagent; zhuge2024gptswarm; zou2023universal; zou2024poisonedrag
d9f3c43e6a4c70439c4daf3df393a5cb80f130c6,2026-04-13,6c6497250e66a04f7f9f53dff5e1f922499e451e,278,,
bfb7e39d47dbb8e02f547b8b4c44e3924c4dfd8e,2026-04-12,d9f3c43e6a4c70439c4daf3df393a5cb80f130c6,278,,
83e84cb520b2b0ac1ee9bae024002881bbc34a60,2026-04-13,bfb7e39d47dbb8e02f547b8b4c44e3924c4dfd8e,278,,
dd857272d9a87dfd95cb256df90184c56f2af5cc,2026-04-12,83e84cb520b2b0ac1ee9bae024002881bbc34a60,277,,llmCXR
c361b6e814f15442208beb65b8e4245581bce52c,2026-04-13,dd857272d9a87dfd95cb256df90184c56f2af5cc,277,,
07eaa7e28343b6b397dc6ce32fe3d0c9ef7dafdc,2026-04-12,c361b6e814f15442208beb65b8e4245581bce52c,277,,
d5e129ac1a8bbff775b5544d9ffdfa312d696a9c,2026-05-11,07eaa7e28343b6b397dc6ce32fe3d0c9ef7dafdc,295,anderson2016spice; celikyilmaz2020evaluation; cheng2026graphthinker; geirhos2020shortcut; guan2024hallusionbench; guo2017calibration; guo2024trace; hendrycks2019benchmarking; hsieh2023sugarcrepe; huang2022endowing; huang2025deciphering; jia2021scaling; kim2025robustmixgen; li2023evaluating; li2024naturalbench; li2025hmr3d; li2025tokenpacker; liu2024visual; mammoliti2021orchestrating; mitra2024compositional; nixon2019measuring; parcalabescu2022valse; pineau2021improving; radford2021learning; ribeiro2020beyond; sun2023eva_clip; taori2020measuring; thomas2020problem; thrush2022winoground; usama2025analysing; vedantam2015cider; wang2025data; wang2025videotree; wu2018moleculenet; xu2024benchmark; xu2025mousegpt; yoon2025visual; yuan2025mkg; zemskova20253dgraphllm; zhai2023siglip; zhang2024llmgnn; zhao2023evaluating; zhuo2024prosa,amf; chen2023vtqa; comireg; de2023cross; ding2024learnable; feng2025urbanllava; huang2021gloria; jiang2025analyzing; jiang2025causal; lee2023formnetv2; lego; li2021adaptive; liu2024cambrian; lu2025hyperfm; ma2024event; mavil; pi2024mllmprotector; song2023graphalign; tang2025basic; van2020scan; wang1793wasserstein; wang2022mgca; wang2024inferaligner; yu2023spae; zhang2025unified
79345337de80fa4c19bdf016198f047ff684c4a3,2026-05-12,d5e129ac1a8bbff775b5544d9ffdfa312d696a9c,295,,
b9d759ccb25f670b757d2e33aa3a2da02be68eca,2026-06-18,79345337de80fa4c19bdf016198f047ff684c4a3,299,bai2024hallucination; banerjee2005meteor; bender2021dangers; dong2024generalization; dong2026mirage; duan2024vlmevalkit; feuer2025style; golchin2024time; hessel2021clipscore; hu2023infometic; huang2024visual; li2025vidhalluc; liu2023visual; papineni2002bleu; rohrbach2018object; sun2024aligning; wen2024mitigating; xu2024lvlm; yuksekgonul2022and; zhang2024multitrust; zhang2025assessing; zhang2025lmms; zhang2025q,fang2023dfn; guo2017calibration; hendrycks2019benchmarking; kim2025robustmixgen; mammoliti2021orchestrating; mitra2024compositional; nixon2019measuring; pineau2021improving; ribeiro2020beyond; taori2020measuring; thomas2020problem; usama2025analysing; wang2025data; xu2023metaclip; xu2024benchmark; xu2025mousegpt; yoon2025visual; zhao2023evaluating; zhuo2024prosa
56b8fd8642a627184f08dc621d2a081dc1e8003c,2026-06-24,b9d759ccb25f670b757d2e33aa3a2da02be68eca,300,xu2023metaclip,
c10c775579e1ca7aa0e381edd4cd48984890ed7c,2026-06-25,56b8fd8642a627184f08dc621d2a081dc1e8003c,300,,
1b52edaaaa87afcf0a53d262f723b93ddcc7afa9,2026-06-26,c10c775579e1ca7aa0e381edd4cd48984890ed7c,300,,
82de59c13ce18e08a14d264415bcebfd41753488,2026-06-26,1b52edaaaa87afcf0a53d262f723b93ddcc7afa9,300,,
27a2b3e929ff4465a89b04561032a78bfec1bee4,2026-06-26,82de59c13ce18e08a14d264415bcebfd41753488,300,,
e0bbd451d57349b85421677d444c2aad8595eede,2026-06-26,27a2b3e929ff4465a89b04561032a78bfec1bee4,300,,
32602308f7131a5ad31fc8dfc20f20477f650209,2026-06-25,e0bbd451d57349b85421677d444c2aad8595eede,300,,
358eef8086dd091e35c0608675d5fb6a8282debe,2026-06-25,32602308f7131a5ad31fc8dfc20f20477f650209,300,,
96e74e42980a6ac684b5d98d57502cc8488de387,2026-06-26,358eef8086dd091e35c0608675d5fb6a8282debe,301,zhao2023hadpo,
76070aecc78a2cd2fe2ee8999dbbec18afd56044,2026-06-26,96e74e42980a6ac684b5d98d57502cc8488de387,301,,
d6eca16bce63fb40680f96e163f1882b2c84dce7,2026-06-26,76070aecc78a2cd2fe2ee8999dbbec18afd56044,306,chen2023sharegpt4v; li2023silkie; tsimpoukelli2021frozen; wang2024mdpo; yu2022coca,
82b7b16487f8e8f652eb27602be40f3c80e80932,2026-06-26,d6eca16bce63fb40680f96e163f1882b2c84dce7,306,,
887f5546654d4769bcc0622d80a39dd53396fd97,2026-06-26,82b7b16487f8e8f652eb27602be40f3c80e80932,306,,
5cde944f201c5bfec5e26693ff509d1e274244dd,2026-06-26,887f5546654d4769bcc0622d80a39dd53396fd97,306,,
34afb84c35552eb5e23db9194499d149eae73b5c,2026-06-26,5cde944f201c5bfec5e26693ff509d1e274244dd,306,,
4daa584350af31802a284ad094dee142db151fd6,2026-06-26,34afb84c35552eb5e23db9194499d149eae73b5c,306,,
fe9d5dad31dd7ef3467645e4b6e477b6552baa3a,2026-06-26,4daa584350af31802a284ad094dee142db151fd6,306,,
45712c14377210f751789e3fef44c36e0123cdb9,2026-06-26,fe9d5dad31dd7ef3467645e4b6e477b6552baa3a,306,,
3ea6b38c60c4737fd8fb95b29d38a53b4c23c5c7,2026-06-26,45712c14377210f751789e3fef44c36e0123cdb9,306,,
3d254fe3a2cf8969ac8c7f967655954233eb1d28,2026-06-26,3ea6b38c60c4737fd8fb95b29d38a53b4c23c5c7,309,gupta2023visprog; qi2024cogcom; suris2023vipergpt,
94882cb385d121192b46ce4bf66e6a2416942f79,2026-06-26,3d254fe3a2cf8969ac8c7f967655954233eb1d28,309,,
f2e68ee399d1f6842d590c702503a10c3f18556d,2026-06-27,94882cb385d121192b46ce4bf66e6a2416942f79,309,,
1d59a34f3053e3b2eba49f0ac9fb3d72e520213b,2026-06-28,f2e68ee399d1f6842d590c702503a10c3f18556d,298,,Ahn2024TuningLM; Gadre2023DataCompIS; Jia2021ScalingUV; Li2021AlignBF; Li2022BLIPBL; Peng2023Kosmos2GM; Radford2021LearningTV; Yu2023RLHFVTT; Zhang2025QEval100KEV; Zhao2023BeyondHE; Zou2025AlignmentMA
29520588b3fba8f63b780c69aef82a309ee5a3b1,2026-06-28,1d59a34f3053e3b2eba49f0ac9fb3d72e520213b,298,,
45bc837bac9ccec98a273ba5ce62684dfc8dea30,2026-06-29,29520588b3fba8f63b780c69aef82a309ee5a3b1,298,,
0364dee2cb227d9ce2ec014fcd6089ac2bb6badc,2026-06-29,45bc837bac9ccec98a273ba5ce62684dfc8dea30,298,,
84b03eb4573a21326fe5899a2efbd0df2b3bb983,2026-06-29,0364dee2cb227d9ce2ec014fcd6089ac2bb6badc,298,,
a5d9d2068f10a5a0d00a424ef2209d6375a49ac4,2026-06-29,84b03eb4573a21326fe5899a2efbd0df2b3bb983,298,,
697ae15b3b7e2bab42d6af412ccdffe89f59c4e4,2026-06-29,a5d9d2068f10a5a0d00a424ef2209d6375a49ac4,298,,
4eb5b791b21812fb785e27ac9887a055c2760b57,2026-09-01,697ae15b3b7e2bab42d6af412ccdffe89f59c4e4,320,bao2022vlmo; batra2025spatialthinker; caffagni2024revolution; cao2024mmfuser; chen2024mmstar; cheng2025mmrb; cicchetti2024gram; doveh2025teaching; evans2024jest; guo2024llava; han2024onellm; hu2025multimodalrewardbench2; huang2024evaluationsurvey; huang2025align2llava; huang2026mllm; jiang2025analyzing; kawamura2026powerclip; lee2023formnetv2; lei2024m3; li2023seedbench; li2024alignmentfusion; li2024benchmarksurvey; li2024llama; li2025llavast; li2026instruction; li2026table; liang2024mixture; lin2023fine; lin2025multi; liu2024mllmsafety; liu2026unipixel; mahajan2025attention; mckinzie2024mm1; rana2023sayplan; sun2024parrot; sun2025a3d2; wang2023ucofia; wang2025moiie; wu2025alignmmbench; yasunaga2025multimodalrewardbench; yin2023mllmsurvey; yu2023mmvet; yue2023mmmu; zhang2026sparse; zhao2024easygen; zhao2025omnialignv; zhou2025unialign; zhu2025protomm,2023gemini; asokan2025finelip; bender2021dangers; celikyilmaz2020evaluation; chen2020uniter; chen2023sharegpt4v; chow2025ov; li2020oscar; li2023silkie; liu2023visualjailbreak; liu2024llava15; lu2019vilbert; mao2023cocoo; perez2022redteaming; rafailov2024dpo; schlarmann2024robustclip; tan2019lxmert; tsimpoukelli2021frozen; wang2024adashield; wei2023jailbroken; xu2024cider; yao2021filip; zhang2021vinvl; zhang2024spavl; zhu20233d; zhu2023minigpt
2c520879b0163a9dd81235103609ad1e8a194b22,2026-09-09,4eb5b791b21812fb785e27ac9887a055c2760b57,261,10.1145/3805712.3809749; JIAN2026103881; clark2026molmo2; deitke2025molmo; fang2026alignmentsurvey; fioretti2025powerful; hemker2025multimodal; ho2026hallucinationunderstanding; jiang2025unleashing; lai2024carzero; leellm; li2024align; liu2026visionintrospection; lu2025representationpotentials; peng2026counterfactualvla; pielawski2020comir; pmlr-v267-zhang25cs; rafailov2024dpo; shu2025alignmentexplainability; wang2026multimodal; yu2025preferencesurvey; zhou2021visual; zou2025alignment,BERTattack; MM-RLHF; PSO; TF; amfMedVQA; carlini2017towards; carzero; chen2020mmea; chen2024llaga; chen2024mmstar; cheng2025mmrb; cherian2022stsg; comir; croce2020reliable; croce2021robustbench; duan2024vlmevalkit; g_retriever_2024; goodfellow2015explaining; graph_mllm_2025; han2021sggbenchmark; he2024gretriever; hessel2021clipscore; hu2023infometic; hu2024miggt; hu2025multimodalrewardbench2; huang2022endowing; kim2024biomedgraphfm; krishna2017visualgenome; li2023moalign; li2023pope; li2023seedbench; li2024naturalbench; li2024pixelsgraphs; liang2023drugchat; liu2019mmkg; liu2021graphmvp; liu2023gitmol; liu2024mmbench; liu2025graphmllm; liu2025survey; llmcxr; luo2023molfm; maskAttribute; molmo; molmo2; multimodalLego; peng2024learning; pezeshkpour2018mkbe; radford2021clip; rlhfv; salman2020adversarially; su2022momu; sun2024mmhalbench; survey_multimodal_graphs_2024; tang2019vctree; tang2023graphgpt; tang2024higpt; tao2020mgat; teng2021trace; towards_mg_llm_2025; vtasc; wang2023dualgnn; wang2025mgllm; wei2019mmgcn; wei2021grcn; wu2018moleculenet; wu2025alignmmbench; xie2016ikrl; xu2017sggimp; yang2018graphrcnn; yang2022mmga; yasunaga2025multimodalrewardbench; yu2023mgcn; yu2023mmvet; yue2023mmmu; zhang2021lattice; zhang2024llmgnn; zhang2024native; zhang2025lmms; zhang2025mmrlhfstepforwardmultimodal; zhao2022mose; zhu2024mmgraph
5d0fe0dc0ff88b01cc851c278cbb66bccff97007,2026-09-09,2c520879b0163a9dd81235103609ad1e8a194b22,266,huang2023voxposer; huang2025thinkact; zhang2025safevla; zhong2026acotvla; zitkovich2023rt2,
4d312eabc02ec896771eff955c2e54f1c988a303,2026-09-09,5d0fe0dc0ff88b01cc851c278cbb66bccff97007,266,,
9177ca4d23fecaf6ba3a38109012ab1efafa2583,2026-09-12,4d312eabc02ec896771eff955c2e54f1c988a303,266,,
33fe2ece14edffbe4a3672d290ae5d24e3648945,2026-09-11,9177ca4d23fecaf6ba3a38109012ab1efafa2583,268,soni2025earthdial; xiao2026crisisense,
084c618ddf7ace76ed13a4553c41a4260793f7a9,2026-09-11,33fe2ece14edffbe4a3672d290ae5d24e3648945,268,,
45ee8b2cedfe98fcc6f3b8607623e5cee694f5b2,2026-09-11,084c618ddf7ace76ed13a4553c41a4260793f7a9,268,,
b81f255483232e5d4a45dbc64122624c068f3ce7,2026-09-11,45ee8b2cedfe98fcc6f3b8607623e5cee694f5b2,269,howard2024socialcounterfactuals,
e02c91b3b221a5c79bfe6a05555c7ab351b01456,2026-09-12,b81f255483232e5d4a45dbc64122624c068f3ce7,269,,
ffd11e3ea4e3ff45d5fdb244afcbee2cf8094b12,2026-09-12,e02c91b3b221a5c79bfe6a05555c7ab351b01456,269,,
9e3e1e5ba597ac1576c7fa98d040e7e50a8549d5,2026-09-12,ffd11e3ea4e3ff45d5fdb244afcbee2cf8094b12,269,,
2e9807adae3562019b049958bfd017245485abbb,2026-09-13,9e3e1e5ba597ac1576c7fa98d040e7e50a8549d5,269,,
a55d300f85aa64ebb218e0e8528ccd04d117ab2a,2026-09-12,2e9807adae3562019b049958bfd017245485abbb,267,,bai2023qwenvl; howard2024socialcounterfactuals
59d984f212ca759b2e216fbd653fe069ea3e204a,2026-09-12,a55d300f85aa64ebb218e0e8528ccd04d117ab2a,267,,
31d47467a4884598fae9e3d1a690f61c1bf71ad6,2026-09-12,59d984f212ca759b2e216fbd653fe069ea3e204a,267,,
4d9dbcfbe9bb86367155c8698ebae3b1339261c7,2026-09-13,31d47467a4884598fae9e3d1a690f61c1bf71ad6,267,,
d8ab9fb2dba8333b705a887ede4dd8c8dec02a02,2026-09-13,4d9dbcfbe9bb86367155c8698ebae3b1339261c7,267,,
0bb726f2c802f1a15bc3d32d623aa20d01d0180a,2026-09-13,d8ab9fb2dba8333b705a887ede4dd8c8dec02a02,267,,
5be4ca28544582414f8bdf7990ae23ff12d83c5a,2026-09-13,0bb726f2c802f1a15bc3d32d623aa20d01d0180a,267,,
34e8d26439fb711512e63c982422b6d6338eb217,2026-09-13,5be4ca28544582414f8bdf7990ae23ff12d83c5a,267,,
29483be6c8684bae29217ae7bb451a6c0563c28d,2026-09-13,34e8d26439fb711512e63c982422b6d6338eb217,267,,
fb6cabfca2c21d806818aa45c1d5eedf14570c12,2026-09-13,29483be6c8684bae29217ae7bb451a6c0563c28d,267,,
57a10efbd8b9368072370cceccaca6c319353d50,2026-09-13,fb6cabfca2c21d806818aa45c1d5eedf14570c12,267,,
17ef44014e0783537bfb25d2d62c88b72971beba,2026-09-13,57a10efbd8b9368072370cceccaca6c319353d50,267,,
9265616b9e3502f698407028dfa03a5f063ffb0c,2026-09-18,17ef44014e0783537bfb25d2d62c88b72971beba,268,liang2022mindgap,
1907cbc348eff700577c4245e0df13abd68e0479,2026-09-18,9265616b9e3502f698407028dfa03a5f063ffb0c,268,,
8ea1c3373184b4a3c9afd9cc594ec299c97164a3,2026-09-18,1907cbc348eff700577c4245e0df13abd68e0479,268,,
af39184ec64be2ae63ece113e9ed1a6ea04a4cb9,2026-09-18,8ea1c3373184b4a3c9afd9cc594ec299c97164a3,268,,
eb9cc48abc94c3f14ffd1dd5f6ae4c3f18dc1555,2026-09-18,af39184ec64be2ae63ece113e9ed1a6ea04a4cb9,268,,
9f4f18591a403843f8d45f0048755ae732e5b4ca,2026-09-19,eb9cc48abc94c3f14ffd1dd5f6ae4c3f18dc1555,268,,
d369089a54b566b786cedfaeb66c55f8ca560a5f,2026-09-26,9f4f18591a403843f8d45f0048755ae732e5b4ca,275,bai2025qwen25vl; fedus2022switch; huang2024opera; leng2024vcd; li2025vlrewardbench; liu2025visualrft; yasunaga2025multimodalrewardbench,
1e83e1489e692d04be3f80542cecfaffa35b54d8,2026-09-26,d369089a54b566b786cedfaeb66c55f8ca560a5f,275,,
ed10e067de2d9c818982970622b925b76505854c,2026-09-26,1e83e1489e692d04be3f80542cecfaffa35b54d8,275,,
06f9038598e3b916bf5067819db8057541936a7f,2026-09-26,ed10e067de2d9c818982970622b925b76505854c,275,,
506a852a1d46ba13dfd8e982bcbf10963aad1851,2026-09-28,06f9038598e3b916bf5067819db8057541936a7f,275,,
